"country code",Country,World region,Survey ,Year,"Multidimensional Poverty Index","Headcount ratio: Population in multidimensional poverty (H)","Intensity of deprivation among the poor(A)",Vulnerable to poverty ,In severe poverty ,Year of the survey,Population 2019,Population 2020,Population share by headship,"Population size by headship",Number of MPI poor by headship,Health,Education,Living Standards,Nutrition,Child mortality,Years of schooling,School attendance,"Cooking fuel",Sanitation,Drinking water,Electricity,Housing,Assets
AFG,Afghanistan,South Asia,DHS,2016,0.2028042469,42.9336153652,47.2367037343,16.3387957867,17.6564570897,34636.207,37769.499,38972.23,1.3553545104,528.2118530273,226.7804412842,7.2392657399,46.0222005844,46.7385351658,,7.2392658521,22.1231174401,23.8990830393,9.9980391747,9.3509728505,6.9091686115,4.6678447943,11.5114443217,4.3010639157
ALB,Albania,Europe and Central Asia,DHS,2018,0.0052599076,1.4158848433,37.1492610172,5.8311106771,0.0783560997,2877.013,2873.883,2866.849,12.5183197288,358.8813171387,5.081346035,40.8358573914,47.3468691111,11.8172742426,40.8358564182,0,43.3479194756,3.9989500752,1.632379795,4.3045952419,4.412506383,0,0.9245011334,0.5432914777
DZA,Algeria,Arab States,MICS,2019,0.0027478845,0.7714754495,35.6185607625,4.0323003701,0.0494023964,42705.368,42705.368,43451.666,8.1490152063,3540.8828125,27.3170413971,26.7526507378,57.775914669,15.4714345932,26.7526507839,0,38.0856074763,19.6903077608,1.7945478926,5.0421872828,4.2902474602,0.5686438303,1.8289710792,1.9468364339
AGO,Angola,Sub-Saharan Africa,DHS,2016,0.3029033681,53.9097003804,56.1871733548,13.4297095194,36.2524914643,29154.746,32353.588,33428.486,29.4359389391,9839.98828125,5304.7080078125,18.6523213983,33.266851306,48.0808258057,15.8006957638,2.8516255685,20.1757370549,13.0911151505,7.9873134812,8.7068267238,6.6712857104,8.7186340791,8.8284076555,7.1683588123
ARG,Argentina,Latin America and the Caribbean,MICS,2020,0.0019883811,0.5923208361,33.5693250401,1.7764396959,0.0011151462,45036.032,44745.52,45036.032,49.1976945328,22156.689453125,131.2386932373,71.9021499157,18.4851109982,9.6127361059,36.6086836062,35.2934678471,10.9184535023,7.5666581064,0.2997070205,2.8280223121,0.1418906443,0,3.4174391492,2.9256778119
ARM,Armenia,Europe and Central Asia,DHS,2016,0.0009902387,0.274833104,36.0305469232,2.4994202953,0,2865.835,2820.602,2805.608,26.2835252243,737.4126586914,2.0266540051,22.4577233195,46.2570458651,31.2852293253,22.4577239605,0,4.7132456243,41.5438003822,7.317243165,15.4190153355,0,0,1.5710818748,6.9778896576
BGD,Bangladesh,South Asia,MICS,2019,0.1062870909,25.2394464,42.1114985105,17.6261276285,5.7616286166,165516.222,165516.222,167420.951,9.3690732664,15685.7919921875,3959.0070800781,11.6140052676,42.2682017088,46.1177945137,10.2003859421,1.4136189343,31.4665207002,10.8016821607,12.2816766471,8.6629332536,0.5389151101,2.5346301696,12.3339045328,9.7657325494
BRB,Barbados,Latin America and the Caribbean,MICS,2012,0.0100822845,3.012210277,33.4713832857,0.4995628104,0,276.197,280.18,280.693,50.1040797081,140.6386413574,4.2363314629,99.5875597,0,0.4124417435,99.5875582696,,0,0,0,0.4124417304,0,0,0,0
BLZ,Belize,Latin America and the Caribbean,MICS,2016,0.008061758,2.106219192,38.2759685453,7.9197233851,0.1896072839,367.313,389.095,394.921,31.5656290977,124.6593017578,2.6255981922,47.057518363,18.2158812881,34.7266018391,37.2541871439,9.8033321488,5.0833773113,13.132504038,8.1969119769,5.0361172951,2.8374211502,5.4249186453,9.2852354387,3.9459948519
BEN,Benin,Sub-Saharan Africa,DHS,2018,0.330214571,63.2970712288,52.1690126481,17.3035615213,34.780838042,11940.683,12290.444,12643.123,18.9895774926,2400.8757324219,1519.6840820313,16.2083029747,35.9416812658,47.8500187397,12.8093895488,3.3989129996,22.8397991611,13.101881341,10.5966167648,10.1801399948,5.1944079403,9.0142235593,6.5375832246,6.3270454657
BTN,Bhutan,South Asia,MICS,2010,0.1739998982,37.3957202199,46.5293614359,20.1731770805,13.920867189,705.516,767.459,772.506,27.6363748884,213.4926605225,79.8371200562,24.4402363896,37.1325850487,38.4271770716,11.9352659817,12.5049717254,27.4898065289,9.642778749,8.4357065167,7.4213373929,1.1328466606,5.6418646227,9.6978167151,6.0976051071
BOL,Bolivia,Latin America and the Caribbean,EDSA,2016,0.0367732916,8.6712051788,42.4085128015,11.4880107739,1.7820273661,11263.015,11777.315,11936.162,23.2785775309,2778.5686035156,240.9353790283,16.3704499602,34.3334883451,49.2960631847,14.5324955829,1.837955099,27.1830146892,7.1504731525,9.5807680576,12.3960287372,3.950544253,5.3641624902,10.5786903297,7.4258676088
BIH,Bosnia and Herzegovina,Europe and Central Asia,MICS,2012,0.0098709309,2.6750230411,36.9003584011,9.8066671889,0.1188406297,3674.374,3360.711,3318.407,12.6913335579,421.1501159668,11.2658624649,58.0546855927,28.1100064516,13.8353079557,58.0546853786,,16.9721545491,11.1378521739,5.1442417167,4.7915580294,0.4200552549,0.907688747,0.8658268203,1.7059373301
BWA,Botswana,Sub-Saharan Africa,BMTHS,2016,0.0816516632,19.5784452648,41.704875992,22.1129632849,3.7311575552,2352.416,2499.702,2546.402,51.5367906158,1312.3338623047,256.9345703125,33.8633418083,14.4078478217,51.7288088799,31.6175707885,2.2457725144,6.3959794473,8.0118690324,12.6171948222,10.2982826667,2.0325304943,11.8699095631,5.8493612003,9.0615294706
BRA,Brazil,Latin America and the Caribbean,PNAD,2015,0.0140927825,3.2488773587,43.3773915732,5.5659914103,0.9178584579,205188.205,211782.878,213196.304,37.507438024,79964.46875,2597.9475097656,54.3236255646,23.281416297,22.3949566483,,54.3236257938,18.5077358523,4.7736812854,3.0674766415,10.9469827234,5.533664507,0.2572826621,1.8067746108,0.7827759236
BFA,Burkina Faso,Sub-Saharan Africa,DHS,2010,0.4060420702,70.0811418912,57.9388490631,12.440908737,47.8884712125,16116.845,20951.639,21522.626,8.2698411413,1779.8869628906,1247.3651123047,16.9943153858,40.11490345,42.8907781839,13.2765058615,3.7178100751,23.3962154006,16.718688959,9.4243040418,8.8440129645,4.2454092043,9.0871911453,7.5700274436,3.7198349044
BDI,Burundi,Sub-Saharan Africa,DHS,2017,0.4040486117,74.9990367384,53.873840151,16.6449416263,45.0272743806,11155.593,11874.838,12220.227,23.3342810379,2851.5021972656,2138.5991210938,19.7119891644,28.8525372744,51.4354765415,17.3121968364,2.3997918544,19.0077026018,9.8448349383,10.2837855212,6.8673712435,5.9346899974,10.0436772984,9.4942539225,8.8116957861
KHM,Cambodia,East Asia and the Pacific,DHS,2014,0.1856297167,41.000455604,45.2750375382,21.9979149029,14.5819534392,15210.817,16207.746,16396.86,23.0280556848,3775.8779296875,1548.1271972656,19.9608340859,33.0800652504,46.9590991735,18.5544290346,1.4064055438,23.434865697,9.6451995455,11.9849676815,9.826918275,6.6242797363,8.2293178685,7.349693009,2.9439236088
CMR,Cameroon,Sub-Saharan Africa,DHS,2018,0.1815726509,36.5295621449,49.7056740546,17.5460543814,18.1424069378,25076.747,25782.341,26491.087,20.0108879018,5301.1015625,1936.4692382813,21.8379408121,25.4270970821,52.734965086,17.5386631682,4.2992782105,14.7396708988,10.6874243126,11.1158430612,9.1442334002,6.6089340083,8.3625239274,9.7300345106,7.7733945022
CAF,Central African Republic,Sub-Saharan Africa,MICS,2019,0.4513686557,80.1451205388,56.3189190636,12.4688910356,55.3565144034,5209.324,5209.324,5343.02,22.8048741543,1218.4689941406,976.5434570313,17.3719003797,28.9392411709,53.6888539791,13.6343159346,3.7375841063,18.9469302144,9.9923114065,9.83285379,9.3339758243,7.3290389857,9.3256305262,9.2228509277,8.6445082843
TCD,Chad,Sub-Saharan Africa,MICS,2019,0.5321036223,86.1217161448,61.7850695663,8.6408313587,68.7270656399,16126.866,16126.866,16644.701,17.3355196912,2885.4453125,2484.9951171875,13.9301478863,39.5697891712,46.5000629425,11.0309242456,2.8992234495,21.9139522788,17.6558373911,8.7805585776,8.3979136801,4.992276226,8.6754648846,8.6136222728,7.0402269939
COL,Colombia,Latin America and the Caribbean,DHS,2016,0.0145246075,3.6168436348,40.1582401292,4.9987294476,0.6053162719,47625.955,50187.406,50930.662,33.8620132333,17246.1484375,623.7662353516,14.5928114653,38.5302692652,46.8769192696,,14.5928118165,30.516310162,8.0139564543,9.4085935439,9.5416704261,9.1471666006,3.7647678647,10.6850502662,4.3296728657
COM,Comoros,Sub-Saharan Africa,DHS,2012,0.1665664687,34.1025019832,48.8428880635,23.3358159253,15.0552670417,684.553,790.986,806.166,37.6365868572,303.4133605957,103.4715499878,19.1995561123,34.1595083475,46.64093256,16.1214966326,3.0780592547,20.64442359,13.515086232,10.9371717654,9.6797676476,5.1739494578,7.1050795939,6.6286620404,7.1163037855
COG,Congo,Sub-Saharan Africa,MICS,2015,0.1395032513,30.2348733339,46.139849739,20.5432095755,13.2814392271,5064.386,5570.733,5702.174,21.1945468472,1208.5499267578,365.4035339355,18.3038502932,22.4375829101,59.2585682869,13.6748538585,4.6289958612,18.1337539196,4.3038292479,11.8062331966,11.3207061971,7.2814278215,10.3480763809,9.6790228278,8.8231006889
COD,"Congo, Democratic Republic of the",Sub-Saharan Africa,MICS,2018,0.3619668323,68.2077008577,53.0683233298,14.2206023742,42.3261281207,87087.355,89906.89,92853.164,24.7855652017,23014.181640625,15697.4443359375,20.0129464269,24.0430489182,55.9440016747,16.8179852331,3.1949605354,12.7432405007,11.2998075995,10.3205173601,9.835895625,7.7980793294,9.3935472042,9.4178624453,9.1781041672
CRI,Costa Rica,Latin America and the Caribbean,MICS,2018,0.0018043531,0.4953250689,36.4276551195,2.5130902366,0,5040.734,5084.532,5123.105,37.4949369617,1920.9050292969,9.5147237778,24.897839129,53.7909328938,21.3112294674,10.8676272656,14.0302122511,36.2755827175,17.5153476113,,5.5635677542,0.7443405302,1.8717353457,9.4885468413,3.6430396831
CIV,CÃ´te d'Ivoire,Sub-Saharan Africa,MICS,2016,0.2036093498,42.1434011887,48.3134593065,17.4965662327,18.6958751894,24213.622,26147.551,26811.79,15.7684038719,4227.7915039063,1781.7351074219,16.0386189818,42.8434073925,41.1179721355,11.8393055086,4.1993142953,24.8739952884,17.9694128499,10.4809573095,9.8630431943,4.4297000653,6.0690342988,4.2080330809,6.067204109
CUB,Cuba,Latin America and the Caribbean,MICS,2019,0.0016927005,0.4588491576,36.8901289782,2.4947805889,0.0306217078,11316.697,11316.697,11300.698,47.4406748265,5361.1274414063,24.5994873047,20.0898140669,29.4352918863,50.4748940468,12.8730790421,7.2167344745,24.6029848077,4.8323057612,8.2199262068,10.6637952619,4.6876533329,0.8508577949,13.6234665489,12.4291967694
DOM,Dominican Republic,Latin America and the Caribbean,MICS,2019,0.0065088567,1.7165438134,37.9183836024,3.75348892,0.128187676,10881.882,10881.882,10999.664,45.7396451721,5031.2075195313,86.3628845215,17.4752011895,51.6377568245,30.8870404959,10.1421312829,7.3330703874,30.8624743404,20.7752828249,5.8115654473,7.6818903529,1.1525231283,1.2872174716,8.7235930036,6.2302517605
ECU,Ecuador,Latin America and the Caribbean,ENSANUT,2018,0.0077800754,2.1162459626,36.7635687138,6.0584567307,0.1254882574,17015.672,17343.74,17588.595,22.779382643,4006.5732421875,84.7889480591,33.3316892385,34.7686946392,31.8996161222,27.2392965024,6.0923921943,20.6239887842,14.1447050099,5.8094701527,5.7826497661,3.9537649349,2.5682057458,5.9026571178,7.8828697919
EGY,Egypt,Arab States,DHS,2014,0.0156533095,4.0227104721,38.9123442376,6.2781611105,0.5958450949,95592.324,105618.671,107465.134,8.2337182681,8848.3759765625,355.9445495605,35.3591650724,53.6919772625,10.9488554299,25.792083549,9.5670828375,24.5985866338,29.0933915717,,3.0599001223,1.3952922189,0.1018835505,4.2854729304,2.1063065861
SLV,El Salvador,Latin America and the Caribbean,MICS,2014,0.0314198716,7.606659774,41.3057406401,9.0248980408,1.6122899702,6209.526,6280.217,6292.731,32.4024193207,2038.9970703125,155.0995635986,15.5699178576,44.1511392593,40.2789473534,11.8601928944,3.7097249757,27.4593845835,16.6917525762,10.0718649366,7.914864184,3.1061189147,4.0880855731,9.6033932297,5.4946181321
SWZ,eSwatini,Sub-Saharan Africa,MICS,2014,0.0922536245,21.6672687969,42.577412661,22.3414608672,5.289129646,1125.865,1169.613,1180.655,48.6446839146,574.3258666992,124.4407272339,29.7340095043,16.3777545094,53.8882374763,24.4227537413,5.311256104,11.9749529077,4.4028018772,12.2998091416,9.074299343,8.6290331119,10.8146296682,5.9595020567,7.1109620485
ETH,Ethiopia,Sub-Saharan Africa,DHS,2019,0.3400271982,65.5707061383,51.8565710536,18.4236315359,37.8689758071,114120.594,114120.594,117190.911,17.7136422487,20758.779296875,13611.677734375,10.2423369884,34.2201948166,55.537468195,8.6585748747,1.5837619356,19.953542545,14.2666506143,10.5557207662,10.0537986056,7.2319933127,8.3515141326,10.3996040491,8.9448391642
GAB,Gabon,Sub-Saharan Africa,DHS,2012,0.0798392181,17.7613049522,44.9512118036,18.8534312305,5.8517078637,1836.705,2242.785,2292.573,30.8299871038,706.799987793,125.5369033813,30.1958948374,22.5505501032,47.2535520792,22.4131535935,7.782741738,14.9465126537,7.6040375043,7.507734568,11.6675145886,8.6515642462,6.1221316498,7.3802688745,5.9243405834
GMB,Gambia,Sub-Saharan Africa,DHS,2020,0.1242061533,26.5888795966,46.7135716766,30.5863482777,9.9748641372,2573.995,2508.883,2573.995,19.2536783908,495.5887145996,131.771484375,32.2474569082,34.6574723721,33.0950707197,24.1645304427,8.0829268493,11.0016571086,23.6558145744,11.8663969322,8.3331654309,2.4661487776,6.5362345431,1.7680223289,2.1251030125
GEO,Georgia,Europe and Central Asia,MICS,2018,0.0008031434,0.2358385714,34.0547923862,1.6285980175,0,3772.325,3770.811,3765.912,26.2393259627,988.1499023438,2.3304386139,10.3163078427,48.9407390356,40.7429516315,10.3163079882,0,20.5924448143,28.3482930345,11.0420160894,5.5850636051,8.1689994351,0,9.6357296802,6.3111453531
GHA,Ghana,Sub-Saharan Africa,MICS,2018,0.098241777,22.9971810663,42.7190518238,20.189838502,5.3594878762,30870.641,31522.29,32180.401,29.2607030493,9416.2119140625,2165.4633789063,22.4318936467,29.1071474552,48.460957408,18.6017740334,3.8301196885,19.9355768329,9.1715713545,12.9210524067,12.4719121776,4.1958514389,5.8754564079,5.5444370166,7.4522486429
GTM,Guatemala,Latin America and the Caribbean,DHS,2015,0.1192662243,25.8115913455,46.2064592309,19.6324804812,9.6780923405,16001.107,17106.338,17362.718,21.4215406995,3719.3618164063,960.0264892578,24.7483506799,37.3516976833,37.8999501467,22.7145760388,2.033774932,22.813571527,14.5381265252,11.5609128952,4.5589356309,3.9876146243,3.7416458379,9.226865484,4.8239765046
GIN,Guinea,Sub-Saharan Africa,DHS,2018,0.3103607066,59.3206625181,52.3191571679,17.9920683718,33.1972057472,12554.864,12877.539,13205.153,16.1500723212,2132.6418457031,1265.0972900391,17.6800012589,37.9367798567,44.3832188845,15.0007680321,2.6792327251,21.4899925277,16.4467877521,10.5602162862,8.7695428488,5.8430190587,8.0892839945,5.2088037132,5.9123530616
GNB,Guinea-Bissau,Sub-Saharan Africa,MICS,2019,0.2296777979,47.6436239927,48.2074575048,27.2768935867,19.3981711699,1970.457,1970.457,2015.828,19.4590159991,392.2602844238,186.887008667,16.1818236113,31.1840176582,52.6341557503,12.971557204,3.2102658335,19.1453326884,12.0386864731,11.5140837971,10.8697161848,5.551545598,8.8482830291,11.3636582959,4.4868708959
GUY,Guyana,Latin America and the Caribbean,MICS,2020,0.0034872926,0.9060007899,38.4910545672,6.822916515,0.1002818146,797.202,798.753,797.202,38.5200114586,307.0823059082,2.7821681499,20.4866439104,30.9587240219,48.5546290874,18.6495303194,1.8371142814,15.5655869621,15.3931377893,7.650724086,5.5517087232,5.8920169844,8.5318488765,9.8072022616,11.121129716
HTI,Haiti,Latin America and the Caribbean,DHS,2017,0.1888049997,39.6525394293,47.6148570599,22.1007583876,16.7188402176,10863.543,11160.438,11306.801,44.5617331916,5038.5063476563,1997.8957519531,18.8979163766,24.5258167386,56.576269865,15.7107988952,3.1871181054,18.9797133974,5.5461033594,11.6130854005,10.2191599163,7.7654010832,10.0865824525,7.780440555,9.1115968349
HND,Honduras,Latin America and the Caribbean,MICS,2019,0.0408123906,9.8464675976,41.4487634566,13.2821900523,2.1691063979,9958.829,9958.829,10121.763,31.1316227822,3151.0690917969,310.2689819336,17.7679464221,40.4664158821,41.7656391859,15.3720587805,2.3958877751,20.6345571532,19.8318572834,12.3840232085,6.7051916382,1.8325612603,4.5554867128,9.784164636,6.504211552
IND,India,South Asia,DHS,2021,0.084316339,19.6505338859,42.9079125935,19.0223517796,5.6383051113,1407563.842,1383112.05,1396387.127,14.1052229955,196963.515625,38704.3828125,28.476023674,31.9943845272,39.529594779,25.4200178601,3.0560057387,23.364483729,8.6299011191,10.5394626925,8.8695189558,1.6260494015,1.7111669896,10.6163523,6.1670412137
IDN,Indonesia,East Asia and the Pacific,DHS,2017,0.0231452489,6.1262994814,37.7801460472,7.8021327217,0.4759027463,264498.852,269582.878,271857.97,10.8820343478,29583.677734375,1812.3846435547,20.3033730388,34.8242163658,44.8724091053,,20.303373317,29.4219128131,5.4023036265,10.9712274483,9.3580097101,5.1870209964,2.8780034372,6.1131931825,10.364955469
IRQ,Iraq,Arab States,MICS,2018,0.0315483218,8.8026665606,35.8395056499,3.4688229882,0.7804775955,40590.7,41563.52,42556.984,7.2013065304,3064.6589355469,269.771697998,30.4317176342,65.9638524055,3.6044307053,24.5881657476,5.8435534037,31.5846250547,34.3792250299,0,1.8224325791,0.3021965881,0.1221120543,0.9093339671,0.4483555755
JAM,Jamaica,Latin America and the Caribbean,JSLC,2018,0.0118514491,2.9841526139,39.7146211462,5.6101785198,0.3745054557,2811.835,2813.773,2820.436,48.6409470994,1371.8868408203,40.9391975403,54.8879683018,19.0558552742,26.0561734438,54.8879693141,,5.8932228084,13.1626322984,5.5416480517,6.5765464774,5.0151365746,0.6576615633,6.7106453622,1.5545375499
JOR,Jordan,Arab States,DHS,2018,0.0035676365,1.0487794945,34.0170309457,1.615646235,0,10459.865,10698.683,10928.721,8.4519980755,923.6953125,9.6875267029,15.5495747924,77.35902071,7.0914037526,14.1023427576,1.4472321225,32.6526589921,44.7063620032,1.2397255542,1.0344202941,1.6938451859,0,1.6938451859,1.4295679045
KAZ,Kazakhstan,Europe and Central Asia,MICS,2015,0.0014066694,0.417752301,33.6723322199,1.3100568786,0,17835.909,18754.258,18979.243,29.2025071623,5542.4150390625,23.1535663605,98.993241787,0,1.0067579336,49.4966210176,49.4966210176,0,0,0,0,0,0,1.0067579649,0
KEN,Kenya,Sub-Saharan Africa,DHS,2014,0.2036976936,43.9175886992,46.3818027509,34.8187533444,16.9006214634,45831.863,50951.45,51985.78,30.4690139732,15839.5546875,6956.3505859375,19.7254702449,17.562790215,62.7117395401,16.9064643649,2.8190060164,12.404061701,5.158727975,11.7829164101,10.7371632444,8.7927433306,11.3318418981,11.9556679246,8.111407135
KIR,Kiribati,East Asia and the Pacific,MICS,2019,0.0605177521,15.2752996305,39.618045852,25.0904649158,2.3463868755,124.241,124.241,126.463,25.6955560465,32.4953727722,4.9637656212,30.1360785961,11.7626897991,58.1012308598,22.3417659853,7.7943131617,1.0041144354,10.7585756498,9.6568032865,11.7219221677,5.3173258748,10.2275923939,13.2900940203,7.8874930244
KGZ,Kyrgyzstan,Europe and Central Asia,MICS,2018,0.0004640991,0.1193397715,38.8888888889,4.9396798307,0,6223.494,6323.643,6424.874,22.2702237586,1430.8338623047,1.7075538635,57.4243962765,28.2898902893,14.2857134342,42.8571428571,14.5672533192,0,28.2898895379,9.4299631793,4.8557511064,0,0,0,0
LAO,Lao PDR,East Asia and the Pacific,MICS,2017,0.0751615853,16.927438113,44.4022213144,21.9869408248,5.5881372942,6997.917,7212.053,7319.399,11.0073189233,805.6696166992,136.3792266846,18.1547820568,42.5385504961,39.3066674471,16.020568848,2.1342136353,28.7615192965,13.7770320898,12.4169453916,8.9824289041,5.0981957219,2.4749221833,5.6850697996,4.6491041298
LSO,Lesotho,Sub-Saharan Africa,MICS,2018,0.0831704064,19.5839360398,42.4686877114,31.1969480559,4.5035886796,2198.017,2225.702,2254.1,39.6187532401,893.0463256836,174.8936157227,21.6001480818,17.6295742393,60.7702732086,19.3197157211,2.2804321396,10.8862196274,6.7433546669,,11.5396942051,9.3024430028,14.7970926455,12.254340404,12.8767075875
LBR,Liberia,Sub-Saharan Africa,DHS,2020,0.2899034793,58.2240007335,49.7910613557,22.2001495823,27.427908312,5087.584,4985.289,5087.584,33.9629308457,1727.892578125,1006.0482177734,18.9610019326,29.9478083849,51.0911941528,15.590461396,3.3705410023,17.7515341575,12.1962733773,10.9984263685,10.0688286811,4.6990631673,9.9148476446,7.2323760107,8.1776481947
LBY,Libya,Arab States,PAPFAM,2014,0.0030806467,0.8329178304,36.9862023143,6.9537926035,0,6097.764,6569.088,6653.942,9.7624129044,649.5852661133,5.4105114937,9.065426141,62.2653663158,28.6692082882,6.7626369502,2.3027889726,41.6192936524,20.6460733902,0.7730500256,4.3830932816,6.7017854822,1.4766527164,10.9429608679,4.3916646609
MDG,Madagascar,Sub-Saharan Africa,MICS,2018,0.3779639163,68.0834450628,55.5148047961,15.2971891116,47.3307287715,26846.541,27533.134,28225.177,18.0341917608,5090.1826171875,3465.5717773438,12.6896813512,34.1551035643,53.1552195549,10.6824564164,2.0072247722,22.4325674557,11.7225369128,9.9809121626,9.9580796877,7.3640853832,8.5737929065,8.8390575449,8.4392867579
MWI,Malawi,Sub-Saharan Africa,MICS,2020,0.2853720676,59.4048836244,48.038486088,25.9689601179,23.6331842934,19377.061,18867.337,19377.061,29.2597253311,5669.6748046875,3368.0637207031,15.7928571105,27.8441488743,56.3629925251,13.7813105331,2.011546385,22.4778136139,5.3663367951,11.5022743497,8.0335062763,5.0502849682,11.0151213466,10.5189273159,10.2428784161
MDV,Maldives,South Asia,DHS,2017,0.0032331477,0.9393684823,34.4183112755,5.404280118,0,472.442,504.508,514.438,44.1273191864,227.0077056885,2.1324388981,85.0133240223,11.8343494833,3.152327612,48.4238361762,36.589486696,1.6794870962,10.154862384,0.739035518,0,0.6546235775,0,1.7586685522,0
MLI,Mali,Sub-Saharan Africa,DHS,2018,0.3786494435,69.6922595237,54.331635405,15.0086956151,42.5704046996,19934.298,20567.424,21224.04,13.5944188106,2885.2849121094,2010.8201904297,16.3726016879,41.1014586687,42.5259411335,12.2776161529,4.0949856075,22.028716031,19.072742839,10.148234747,7.8600188805,5.1504539561,7.1674604797,8.5688855474,3.630885759
MRT,Mauritania,Sub-Saharan Africa,DHS,2021,0.3298243635,58.5014564019,56.3788294861,13.0690043847,37.8759883095,4614.974,4383.849,4498.604,35.9922011674,1619.1466064453,947.2243652344,16.548293829,43.0369317532,40.4147744179,14.2954528361,2.2528404269,22.1679549819,20.8689760475,7.7369224589,7.4492959649,5.0681039199,7.8415527012,7.8776924086,4.4412082541
MEX,Mexico,Latin America and the Caribbean,ENSANUT,2020,0.026376939,7.0554120728,37.3853982738,3.0230792815,0.6816970775,125998.302,125085.311,125998.302,28.6344457595,36078.9140625,2545.5161132813,74.6009886265,10.6155224144,14.7834911942,74.6009863411,,4.5465608476,6.0689619669,4.1627888292,2.3330587956,0.636681139,0.3203301355,5.4447568667,1.8858750785
MDA,Moldova,Europe and Central Asia,MICS,2012,0.0076561164,2.0162211646,37.9726019218,6.1805759325,0.1565898938,3507.191,3109.491,3084.847,28.621877949,882.9411621094,17.8020458221,8.5753768682,44.1644191742,47.2602039576,8.5753770416,0,36.8905278626,7.2738924588,8.3746021684,11.8362199039,7.7036665509,1.0834351872,7.6998743217,10.5624045049
MNG,Mongolia,East Asia and the Pacific,MICS,2018,0.0229862861,6.1069401665,37.6396124697,11.8653314835,0.422905652,3163.991,3232.43,3294.335,17.2043171542,566.7678222656,34.6121711731,16.7898744345,31.0976475477,52.1124780178,13.2149307391,3.5749434805,27.8264358545,3.2712122393,13.8511313631,13.3452138449,8.1552411523,1.1898841958,12.850294776,2.7207123544
MNE,Montenegro,Europe and Central Asia,MICS,2018,0.0031641854,0.7198814433,43.9542570039,6.5850829851,0.2504785274,631.455,630.396,629.048,17.1054766293,107.6016616821,0.7746043801,19.7170779109,51.1116266251,29.1712939739,0,19.7170781952,37.9182081617,13.1934182087,6.0670433222,12.0521451486,0.5872575719,0,6.0670433222,4.3978060696
MAR,Morocco,Arab States,PAPFAM,2018,0.0130132689,3.2923185396,39.5261537695,10.5961417458,0.5248004759,35927.511,36304.408,36688.772,11.2284515531,4119.5810546875,135.6297302246,10.0049890578,50.4446923733,39.550319314,10.0049892359,0,37.663388308,12.7813021484,4.5927201528,7.2662359202,8.179863765,3.3437092736,10.2021206587,5.9656705374
MOZ,Mozambique,Sub-Saharan Africa,DHS,2011,0.4118347953,72.9388359395,56.4630337215,12.7297036591,50.4496283621,23760.421,30285.595,31178.239,30.752473844,9588.080078125,6993.4340820313,16.1595746875,32.2883307934,51.552093029,13.4760721261,2.6835027484,20.9905432968,11.2977879495,9.8132893495,8.7294845727,7.3370263307,9.1114493362,9.2346272438,7.3262170462
MMR,Myanmar,East Asia and the Pacific,DHS,2016,0.1649854064,36.40825704,45.3153816814,19.7902350149,12.5568403453,51892.349,53040.212,53423.198,19.090891465,10198.96484375,3713.2653808594,17.1504586935,32.9363524914,49.9131888151,15.8162019734,1.3342571927,26.1211003474,6.8152513902,11.8456338556,8.588946819,3.7959925693,8.4517757794,11.161566174,6.069273899
NAM,Namibia,Sub-Saharan Africa,DHS,2013,0.2029861976,45.4605323899,44.6510823581,19.5546285922,14.2923880594,2204.51,2446.644,2489.098,47.2204257869,1175.3626708984,534.3261108398,32.3637247086,11.7496579885,55.8866202831,29.0169777456,3.3467460249,5.040382035,6.7092758615,11.7954168822,11.063908144,6.6557554239,11.2380452511,9.6489236133,5.4845690186
NPL,Nepal,South Asia,MICS,2019,0.0719424927,16.7516980843,42.9463880748,15.5735544974,4.940544776,28832.496,28832.496,29348.627,22.630320331,6641.6884765625,1112.5955810547,21.1475610733,36.1745625734,42.6778793335,19.6864181235,1.4611424117,30.1309340641,6.043628237,11.663877404,4.7587382873,2.2711372128,3.2164016861,11.7462618308,9.0214607427
NIC,Nicaragua,Latin America and the Caribbean,DHS,2012,0.0454798829,10.3294110569,44.0295024555,10.8521722858,3.3270152942,6030.607,6663.924,6755.895,35.1232107217,2372.8872070313,245.1052703857,12.2029468417,35.3419482708,52.4551033974,10.5792979572,1.6236486666,28.3263252409,7.015621429,12.3384143408,4.758926468,9.4171117347,7.52963231,10.3518617282,8.0591601246
NER,Niger,Sub-Saharan Africa,DHS,2012,0.5967714929,91.5722714803,65.1694539447,3.89290205,76.2636106341,17954.407,23443.393,24333.639,13.2799708448,3231.5002441406,2959.158203125,19.6447819471,35.6274217367,44.7277963161,14.471499098,5.1732830672,21.9886285835,13.6387943033,8.4357135241,8.1364740997,5.568811621,8.0021435921,8.4045200658,6.1801320452
NGA,Nigeria,Sub-Saharan Africa,DHS,2018,0.1541702641,32.3221787493,47.697980166,21.7529768844,12.3020023412,198387.623,203304.492,208327.405,12.7549845956,26572.12890625,8588.69140625,27.8012007475,24.8730704188,47.3257273436,21.0385696081,6.7626321124,14.7631460256,10.1099237762,10.978500507,9.7747691623,6.1423265905,7.500578157,6.3955271926,6.5340268684
MKD,North Macedonia,Europe and Central Asia,MICS,2019,0.0015455163,0.428319299,36.0832742768,3.6524270773,0,2114.176,2114.176,2111.072,18.3600411606,387.5936889648,1.660138607,34.5453947783,51.1081874371,14.3464177847,17.2726979419,17.2726979419,28.9167540985,22.1914328057,9.6389180328,2.2417737643,0,0.2239516506,0,2.2417737643
PAK,Pakistan,South Asia,DHS,2018,0.1763824954,35.8287072195,49.2293775367,16.352356062,18.0495592893,219731.479,223293.28,227196.741,9.7851348946,22231.5078125,7965.26171875,23.1482222676,42.0474141836,34.8043620586,17.7870571699,5.3611646503,25.7940749101,16.2533409789,10.1818220633,7.7265222667,1.5650447403,1.4733238964,8.5280969575,5.3295523667
PSE,"Palestine, State of",Arab States,MICS,2020,0.0046600328,1.2453883649,37.4183098471,2.993166105,0,5019.401,4909.775,5019.401,6.4531898708,323.9114685059,4.033955574,73.7924575806,13.1799966097,13.0275443196,41.0413026262,32.7511573645,11.7903164081,1.3896799412,0,11.6205495232,0,0,0.7034970684,0.7034970684
PNG,Papua New Guinea,East Asia and the Pacific,DHS,2018,0.2610319573,54.4034583378,47.9807654372,22.4690931968,28.6659366041,9329.227,9542.486,9749.64,15.5378061651,1514.8801269531,824.1471557617,3.8849189878,32.8521221876,63.2629573345,,3.884918881,14.9451290507,17.9069938885,11.5344477178,10.3376679022,8.8517954441,11.3361474941,10.5419155344,10.6609840871
PRY,Paraguay,Latin America and the Caribbean,MICS,2016,0.0171713568,4.2952591793,39.9774637675,7.4496424488,0.7678674472,6266.615,6530.026,6618.695,38.7284145413,2563.3156738281,110.1010513306,14.0337884426,38.3032768965,47.6629346609,12.3828247668,1.650963354,26.3209825704,11.9822957134,12.5075927704,11.1643036389,4.4937847848,3.4440134724,11.3653577024,4.6878812264
PER,Peru,Latin America and the Caribbean,ENDES,2019,0.0242422509,6.172317437,39.275768252,10.3678473204,0.7778384162,32824.861,32824.861,33304.756,25.0819761642,8353.4912109375,515.6040039063,11.0306628048,37.2762143612,51.693123579,9.8438706735,1.1867921645,22.3510882589,14.9251272421,10.4984974956,11.4093741595,5.7105838187,3.4508557608,13.2124576072,7.411352819
PHL,Philippines,East Asia and the Pacific,DHS,2017,0.0205416048,5.1514353854,39.8754973623,5.9398546585,0.8542173357,106738.501,110380.804,112190.977,17.3288945275,19441.45703125,1001.5140991211,17.0344978571,33.6675405502,49.2979615927,,17.0344984313,22.5427705851,11.1247690706,11.9651454536,8.6263699086,4.2411314608,5.2560733242,10.155737995,9.0535037709
RWA,Rwanda,Sub-Saharan Africa,DHS,2020,0.2531345287,52.5260532695,48.1921852086,21.9447611571,22.5582502139,13146.362,12835.028,13146.362,26.8702683745,3532.4626464844,1855.4632568359,15.9833058715,28.7114471197,55.3052484989,14.0320233471,1.9512819757,22.730991537,5.9804564525,11.5147138221,6.5559720465,7.7219707015,8.9831243118,10.575652757,9.9538130489
LCA,Saint Lucia,Latin America and the Caribbean,MICS,2012,0.0085844245,2.2422525497,38.2848242132,1.61821161,0,173.124,178.583,179.237,43.0862817459,77.2265625,1.7316145897,72.5806355476,2.9683455825,24.4510173798,72.5806362579,,2.968345593,0,1.9734361546,7.2480013758,1.4248955523,1.4248955523,10.1220678741,2.2577216399
WSM,Samoa,East Asia and the Pacific,MICS,2020,0.0328969591,8.3403009905,39.4433715892,12.6425123276,0.4487850486,214.929,211.905,214.929,22.0946244818,47.4877548218,3.9606215954,42.5079792738,30.8315843344,26.6604363918,35.6740906706,6.83388939,0.6705441298,30.1610394179,8.8114870332,1.7730938923,0,0,11.5946995097,4.4811559566
STP,Sao Tome and Principe,Sub-Saharan Africa,MICS,2019,0.0459767324,11.3515430248,40.5026280015,18.0235321336,1.8046848812,214.599,214.599,218.641,41.3771919419,90.4675064087,10.2694578171,15.0278583169,39.7720038891,45.2001392841,13.2894523506,1.7384059445,27.2807124232,12.4912904495,10.6302936898,13.0228367115,3.3819821235,8.2131697251,0.7664877511,9.1853688312
SEN,Senegal,Sub-Saharan Africa,DHS,2019,0.2004185545,40.7507359454,49.181579139,17.9926017101,17.5591565021,16000.781,16000.781,16436.12,26.7298675343,4393.3530273438,1790.3237304688,20.1770722866,50.2624511719,29.5604765415,16.4712402015,3.7058318103,21.5856182666,28.6768324038,10.3945502901,5.9644302362,2.9173484316,4.5494644745,3.889213669,1.8454702164
SRB,Serbia,Europe and Central Asia,MICS,2019,0.0007425532,0.2001430725,37.1011182571,2.4158478969,0.0306154019,7401.056,7401.056,7358.005,25.2309330305,1856.4932861328,3.7156426907,15.3197899461,36.4741384983,48.2060730457,8.4481377035,6.8716519129,36.474138092,0,14.9740919318,9.0453237848,3.347807909,2.2128079123,13.903103348,4.7229374057
SYC,Seychelles,Sub-Saharan Africa,QLFS,2019,0.0025531792,0.7365330463,34.6648288512,0.2106516752,0.0456584317,104.373,104.373,105.53,60.7610255741,64.1211090088,0.4722731709,68.0451095104,31.0943335295,0.8605607785,32.532305795,35.5128010999,31.0943323254,,,0.8605607797,0,0,0,0
SLE,Sierra Leone,Sub-Saharan Africa,DHS,2019,0.2492564834,52.5049834182,47.4729191688,25.0738334776,21.9972090369,8046.828,8046.828,8233.97,25.8683006743,2129.9880371094,1118.3498535156,22.2731411457,23.8683357835,53.8585186005,17.599230015,4.6739117386,15.9879321833,7.8804036317,11.6917034399,10.409447522,6.5016474072,10.3890731469,7.2415134515,7.6251374639
ZAF,South Africa,Sub-Saharan Africa,DHS,2016,0.0287259449,7.3076602006,39.3093604876,13.0766670403,0.8281911043,56422.274,58087.055,58801.927,51.9193556267,30529.58203125,2230.998046875,39.8113012314,10.7103593647,49.4783401489,29.9130898913,9.8982107452,8.6721324793,2.0382271689,10.2995720509,3.5981079485,9.2701249758,8.3534893924,9.7871630005,8.1698823473
SSD,South Sudan,Sub-Saharan Africa,MICS,2010,0.6127621622,95.012371186,64.4928817775,4.0049595408,80.6601537287,9714.419,10447.666,10606.227,39.8019568157,4221.4858398438,4010.9338378906,12.5660046935,41.5009319782,45.9330677986,9.4351073392,3.1308968085,20.8775621742,20.6233687402,8.5748248924,8.1605005902,4.9770560755,8.4748875972,8.5382332359,7.2075625468
LKA,Sri Lanka,South Asia,SLDHS,2016,0.0140038885,3.7102459775,37.7438277934,14.9691625669,0.2400955369,21425.494,21649.664,21715.079,20.1328569123,4371.8657226563,162.2069702148,23.7902715802,30.6849837303,45.5247431993,22.6125872904,1.1776846034,22.5445813596,8.1404025933,12.8464212461,7.6966521796,5.7503236525,4.1023642346,7.513676553,7.6153062875
SDN,Sudan,Arab States,MICS,2014,0.2945896013,56.7244874017,51.9334091404,15.9975433938,31.9122274445,37003.245,43232.093,44440.486,11.2324758825,4991.7670898438,2831.5541992188,14.8978590965,31.4933419228,53.6087989807,12.9236801963,1.9741790794,17.6909497967,13.8023920542,9.3589217285,9.5588122894,7.2524166726,8.8410500041,10.6679142901,7.9296838887
SUR,Suriname,Latin America and the Caribbean,MICS,2018,0.0192571139,4.8340127261,39.8367050734,4.9095928578,0.7306210511,593.715,600.301,607.065,41.5292524234,252.1095581055,12.1870079041,17.7490115166,43.8885480165,38.3624374866,12.1832354096,5.5657760368,29.429321458,14.4592263444,5.2474655296,9.8979843821,2.6434911893,4.9455277141,6.3193527163,9.3086192199
TJK,Tajikistan,Europe and Central Asia,DHS,2017,0.0233187712,6.0558225025,38.5063650931,16.3832815001,0.2827863815,8925.525,9337.003,9543.207,16.9414678507,1616.7593994141,97.9080810547,44.2672848701,32.2229653597,23.50974828,34.5287682886,9.7385175979,1.6365999262,30.5863665021,6.1563187687,0.1459860965,4.9628409687,0.0265957931,10.6494930642,1.568512994
TZA,Tanzania,Sub-Saharan Africa,DHS,2016,0.3131110889,62.7873721362,49.8684812315,20.7116865717,32.9965420438,54401.802,59872.579,61704.518,20.6651504567,12751.3310546875,8006.2255859375,18.8996911049,24.0242555737,57.0760548115,16.0995779566,2.8001127231,10.1216242843,13.9026310563,11.1246819757,10.454767953,8.1295625437,10.5936064143,9.2236292521,7.5498058408
THA,Thailand,East Asia and the Pacific,MICS,2019,0.0026784307,0.7241049212,36.9895385498,6.1578481605,0.0382283331,71307.763,71307.763,71475.664,37.6984789063,26945.23828125,195.1118011475,38.5442763567,46.4841187,14.9716034532,27.0262465456,11.5180307565,30.6656430545,15.8184757468,7.815528061,1.6525473393,1.0085782875,0.6109522301,1.9647391543,1.9192588244
TLS,Timor-Leste,East Asia and the Pacific,DHS,2016,0.2158746413,48.0014481435,44.972526796,26.8813653982,15.5916583812,1224.562,1280.438,1299.995,12.7611858759,165.8947753906,79.6318969727,25.8559912443,24.0460842848,50.0979244709,24.4686860015,1.387304412,15.5002897821,8.5457956494,12.157500155,8.8822604442,4.6232516758,5.1717464721,10.8109112544,8.4522541535
TGO,Togo,Sub-Saharan Africa,MICS,2017,0.1658871866,36.1602785673,45.8755278399,23.9435671157,13.3544644675,7852.795,8243.094,8442.58,21.4198512673,1808.3880615234,653.9181518555,14.5772024989,29.9656361341,55.4571628571,10.9341854101,3.6430175265,22.3070374023,7.6585991534,11.9880404213,11.5606479512,6.1271956272,9.3483113166,7.3228943135,9.1100708779
TON,Tonga,East Asia and the Pacific,MICS,2019,0.0004502769,0.1350830698,33.3333333334,7.0082997914,0,104.951,104.951,105.254,20.5381188647,21.6171913147,0.0292011648,0,50,50,0,0,5.9261460783,44.0738539217,16.6666666667,0,0,0,16.6666666667,16.6666666667
TTO,Trinidad and Tobago,Latin America and the Caribbean,MICS,2011,0.0027290279,0.7531244175,36.2360829043,4.1741745237,0.0164720094,1420.02,1519.955,1518.147,31.8057433632,482.8579406738,3.636521101,43.6970204115,36.7496997118,19.5532828569,16.8158910208,26.8811276984,22.6800931607,14.0696059014,0,3.8103947091,0,5.1888411086,8.5374092149,2.016637186
TUN,Tunisia,Arab States,MICS,2018,0.0049707102,1.4048913842,35.3814558594,4.8459438404,0,11933.041,12049.314,12161.723,10.8549940704,1320.154296875,18.5467338562,14.3097579479,59.3516290188,26.3386160135,10.467932866,3.8418250223,44.6670357017,14.6845917628,0.1992622127,7.1463764552,5.7902246442,2.6896593585,3.1745504827,7.3385414938
TKM,Turkmenistan,Europe and Central Asia,MICS,2019,0.0003176242,0.0952872626,33.3333333333,0.1598551839,0,6158.42,6158.42,6250.438,21.5269804601,1345.5305175781,1.2821191549,100,0,0,50,50,0,0,,0,0,0,0,0
TUV,Tuvalu,East Asia and the Pacific,MICS,2020,0.0064577412,1.7369097025,37.1794871795,7.3148536947,0,11.069,10.956,11.069,16.1906981474,1.7921483517,0.0311279986,17.2413796186,44.8275864124,37.9310369492,17.2413793103,0,13.7931034483,31.0344827586,6.8965517241,6.8965517241,0,4.5977011494,14.9425287356,4.5977011494
UGA,Uganda,Sub-Saharan Africa,DHS,2016,0.2973653236,59.0390205444,50.3675909338,21.632405888,28.8885119491,38748.299,42949.08,44404.611,29.3994253702,13054.7001953125,7707.3671875,20.1132133603,24.9465122819,54.9402713776,17.5641785246,2.5490342328,17.0422256307,7.9042873938,10.9884516686,9.7607897054,7.7164741975,10.0539932371,9.4691139541,6.9514514555
UKR,Ukraine,Europe and Central Asia,MICS,2012,0.0012102102,0.3545729966,34.1314818629,0.7070489793,0,45406.226,44211.094,43909.666,42.8560534589,18817.94921875,66.7233657837,44.2131370306,43.1973725557,12.5894889235,,44.2131356041,26.7242058913,16.4731688711,3.9780802069,2.6511019724,1.5599305656,0.4664554167,1.5668284171,2.3670930548
VNM,Viet Nam,East Asia and the Pacific,MICS,2021,0.0056992391,1.4692174311,38.7909845353,4.1704385951,0.2090978325,97468.029,95776.716,96648.685,25.4347131356,24582.31640625,361.1676635742,6.1007134616,52.4464964867,41.4527863264,,6.1007134456,37.450390865,14.9961064078,11.42801377,11.6474672833,3.4067045099,0.4129330934,8.4383677459,6.1193028791
YEM,Yemen,Arab States,DHS,2013,0.209155006,42.9209592766,48.7302729261,21.9913739785,19.0902659186,26984.002,31546.691,32284.046,5.5333666734,1786.3946533203,766.7377319336,24.3183046579,35.385158658,40.2965337038,21.5868833449,2.731421834,18.3643539747,17.0208055875,6.1268611016,8.7385853766,6.2242010938,4.5103963498,10.1141626072,4.5823287299
ZMB,Zambia,Sub-Saharan Africa,DHS,2018,0.2504069503,50.7627367719,49.3288908726,23.671654797,24.3262994073,17835.893,18380.477,18927.715,22.8811022289,4330.8696289063,2198.4680175781,17.5510317087,27.0056545734,55.4433107376,14.6810833014,2.8699489616,11.7288455566,15.2768099277,11.2420363524,9.5644069131,6.3913850821,10.3861193991,9.4724625184,8.3869019876
ZWE,Zimbabwe,Sub-Saharan Africa,MICS,2019,0.1279866658,29.3665485656,43.5824678124,26.1376961117,8.9084267545,15354.608,15354.608,15669.666,35.4967111613,5562.2163085938,1633.4309082031,20.5080211163,19.8002666235,59.6917152405,16.0421450937,4.465876479,8.0120569953,11.7882098052,12.4730471918,10.7305095269,9.8027338071,10.1792767029,7.6031672247,8.9029771733
